{
    "amar": [
        10,
        8,
        100.0,
        10.0,
        100.0,
        50.0,
        77.77777777777779,
        90.0,
        60.0,
        80.0,
        30.0,
        100.0,
        100.0,
        100.0,
        80.0,
        80.0,
        90.0,
        100.0,
        50.0,
        100.0,
        80.0,
        60.0,
        40.0,
        70.0,
        80.0,
        100.0,
        100.0,
        100.0,
        70.0,
        10.0,
        80.0,
        70.0,
        90.0,
        80.0,
        70.0,
        70.0,
        90.0,
        40.0,
        60.0,
        66.66666666666666,
        100.0,
        77.77777777777779,
        55.55555555555556,
        100.0,
        87.5,
        62.5,
        60.0
    ],
    "amar\\": [
        5,
        8
    ],
    "manav": [
        5,
        8
    ],
    "": [
        5,
        8
    ]
}